[
    {"id": 1, "title": "The Heart Pt. 2", "album": "Overly Dedicated", "release_year": 2010, "track_number": 1},
    {"id": 2, "title": "Growing Apart (To Get Closer)", "album": "Overly Dedicated", "release_year": 2010, "track_number": 2},
    {"id": 3, "title": "Night of the Living Junkies", "album": "Overly Dedicated", "release_year": 2010, "track_number": 3},
    {"id": 4, "title": "P&P 1.5", "album": "Overly Dedicated", "release_year": 2010, "track_number": 4},
    {"id": 5, "title": "Alien Girl (Today w/ Her)", "album": "Overly Dedicated", "release_year": 2010, "track_number": 5},
    {"id": 6, "title": "Opposites Attract (Tomorrow w/o Her)", "album": "Overly Dedicated", "release_year": 2010, "track_number": 6},
    {"id": 7, "title": "Michael Jordan", "album": "Overly Dedicated", "release_year": 2010, "track_number": 7},
    {"id": 8, "title": "Ignorance Is Bliss", "album": "Overly Dedicated", "release_year": 2010, "track_number": 8},
    {"id": 9, "title": "R.O.T.C (Interlude)", "album": "Overly Dedicated", "release_year": 2010, "track_number": 9},
    {"id": 10, "title": "Barbed Wire", "album": "Overly Dedicated", "release_year": 2010, "track_number": 10},
    {"id": 11, "title": "Average Joe", "album": "Overly Dedicated", "release_year": 2010, "track_number": 11},
    {"id": 12, "title": "H.O.C", "album": "Overly Dedicated", "release_year": 2010, "track_number": 12},
    {"id": 13, "title": "Cut You Off (To Grow Closer)", "album": "Overly Dedicated", "release_year": 2010, "track_number": 13},
    {"id": 14, "title": "Heaven & Hell", "album": "Overly Dedicated", "release_year": 2010, "track_number": 14},
    {"id": 15, "title": "She Needs Me (Remix)", "album": "Overly Dedicated", "release_year": 2010, "track_number": 15},
    {"id": 16, "title": "I Do This", "album": "Overly Dedicated", "release_year": 2010, "track_number": 16},
    {"id": 17, "title": "Fuck Your Ethnicity", "album": "Section.80", "release_year": 2011, "track_number": 1},
    {"id": 18, "title": "Hol' Up", "album": "Section.80", "release_year": 2011, "track_number": 2},
    {"id": 19, "title": "A.D.H.D", "album": "Section.80", "release_year": 2011, "track_number": 3},
    {"id": 20, "title": "No Make-Up (Her Vice)", "album": "Section.80", "release_year": 2011, "track_number": 4},
    {"id": 21, "title": "Tammy's Song (Her Evils)", "album": "Section.80", "release_year": 2011, "track_number": 5},
    {"id": 22, "title": "Chapter Six", "album": "Section.80", "release_year": 2011, "track_number": 6},
    {"id": 23, "title": "Ronald Reagan Era (His Evils)", "album": "Section.80", "release_year": 2011, "track_number": 7},
    {"id": 24, "title": "Poe Mans Dreams (His Vice)", "album": "Section.80", "release_year": 2011, "track_number": 8},
    {"id": 25, "title": "The Spiteful Chant", "album": "Section.80", "release_year": 2011, "track_number": 9},
    {"id": 26, "title": "Chapter Ten", "album": "Section.80", "release_year": 2011, "track_number": 10},
    {"id": 27, "title": "Keisha's Song (Her Pain)", "album": "Section.80", "release_year": 2011, "track_number": 11},
    {"id": 28, "title": "Rigamortus", "album": "Section.80", "release_year": 2011, "track_number": 12},
    {"id": 29, "title": "Kush & Corinthians (His Pain)", "album": "Section.80", "release_year": 2011, "track_number": 13},
    {"id": 30, "title": "Blow My High (Members Only)", "album": "Section.80", "release_year": 2011, "track_number": 14},
    {"id": 31, "title": "Ab-Soul's Outro", "album": "Section.80", "release_year": 2011, "track_number": 15},
    {"id": 32, "title": "HiiiPoWeR", "album": "Section.80", "release_year": 2011, "track_number": 16},
    {"id": 33, "title": "Sherane a.k.a Master Splinter’s Daughter", "album": "good kid, m.A.A.d city", "release_year": 2012, "track_number": 1},
    {"id": 34, "title": "Bitch, Don’t Kill My Vibe", "album": "good kid, m.A.A.d city", "release_year": 2012, "track_number": 2},
    {"id": 35, "title": "Backseat Freestyle", "album": "good kid, m.A.A.d city", "release_year": 2012, "track_number": 3},
    {"id": 36, "title": "The Art of Peer Pressure", "album": "good kid, m.A.A.d city", "release_year": 2012, "track_number": 4},
    {"id": 37, "title": "Money Trees", "album": "good kid, m.A.A.d city", "release_year": 2012, "track_number": 5},
    {"id": 38, "title": "Poetic Justice", "album": "good kid, m.A.A.d city", "release_year": 2012, "track_number": 6},
    {"id": 39, "title": "good kid", "album": "good kid, m.A.A.d city", "release_year": 2012, "track_number": 7},
    {"id": 40, "title": "m.A.A.d city", "album": "good kid, m.A.A.d city", "release_year": 2012, "track_number": 8},
    {"id": 41, "title": "Swimming Pools (Drank)", "album": "good kid, m.A.A.d city", "release_year": 2012, "track_number": 9},
    {"id": 42, "title": "Sing About Me, I’m Dying of Thirst", "album": "good kid, m.A.A.d city", "release_year": 2012, "track_number": 10},
    {"id": 43, "title": "Real", "album": "good kid, m.A.A.d city", "release_year": 2012, "track_number": 11},
    {"id": 44, "title": "Compton", "album": "good kid, m.A.A.d city", "release_year": 2012, "track_number": 12},
    {"id": 45, "title": "The Recipe (Bonus Track)", "album": "good kid, m.A.A.d city (Deluxe)", "release_year": 2012, "track_number": 13},
    {"id": 46, "title": "Black Boy Fly (Bonus Track)", "album": "good kid, m.A.A.d city (Deluxe)", "release_year": 2012, "track_number": 14},
    {"id": 47, "title": "Now or Never (Bonus Track)", "album": "good kid, m.A.A.d city (Deluxe)", "release_year": 2012, "track_number": 15},
    {"id": 48, "title": "Wesley’s Theory", "album": "To Pimp a Butterfly", "release_year": 2015, "track_number": 1},
    {"id": 49, "title": "For Free? (Interlude)", "album": "To Pimp a Butterfly", "release_year": 2015, "track_number": 2},
    {"id": 50, "title": "King Kunta", "album": "To Pimp a Butterfly", "release_year": 2015, "track_number": 3},
    {"id": 51, "title": "Institutionalized", "album": "To Pimp a Butterfly", "release_year": 2015, "track_number": 4},
    {"id": 52, "title": "These Walls", "album": "To Pimp a Butterfly", "release_year": 2015, "track_number": 5},
    {"id": 53, "title": "u", "album": "To Pimp a Butterfly", "release_year": 2015, "track_number": 6},
    {"id": 54, "title": "Alright", "album": "To Pimp a Butterfly", "release_year": 2015, "track_number": 7},
    {"id": 55, "title": "For Sale? (Interlude)", "album": "To Pimp a Butterfly", "release_year": 2015, "track_number": 8},
    {"id": 56, "title": "Momma", "album": "To Pimp a Butterfly", "release_year": 2015, "track_number": 9},
    {"id": 57, "title": "Hood Politics", "album": "To Pimp a Butterfly", "release_year": 2015, "track_number": 10},
    {"id": 58, "title": "How Much a Dollar Cost", "album": "To Pimp a Butterfly", "release_year": 2015, "track_number": 11},
    {"id": 59, "title": "Complexion (A Zulu Love)", "album": "To Pimp a Butterfly", "release_year": 2015, "track_number": 12},
    {"id": 60, "title": "The Blacker the Berry", "album": "To Pimp a Butterfly", "release_year": 2015, "track_number": 13},
    {"id": 61, "title": "You Ain’t Gotta Lie (Momma Said)", "album": "To Pimp a Butterfly", "release_year": 2015, "track_number": 14},
    {"id": 62, "title": "i", "album": "To Pimp a Butterfly", "release_year": 2015, "track_number": 15},
    {"id": 63, "title": "Mortal Man", "album": "To Pimp a Butterfly", "release_year": 2015, "track_number": 16},
    {"id": 64, "title": "untitled 01 | 08.19.2014", "album": "untitled unmastered.", "release_year": 2016, "track_number": 1},
    {"id": 65, "title": "untitled 02 | 06.23.2014", "album": "untitled unmastered.", "release_year": 2016, "track_number": 2},
    {"id": 66, "title": "untitled 03 | 05.28.2013", "album": "untitled unmastered.", "release_year": 2016, "track_number": 3},
    {"id": 67, "title": "untitled 04 | 08.14.2014", "album": "untitled unmastered.", "release_year": 2016, "track_number": 4},
    {"id": 68, "title": "untitled 05 | 09.21.2014", "album": "untitled unmastered.", "release_year": 2016, "track_number": 5},
    {"id": 69, "title": "untitled 06 | 06.30.2014", "album": "untitled unmastered.", "release_year": 2016, "track_number": 6},
    {"id": 70, "title": "untitled 07 | 2014 - 2016", "album": "untitled unmastered.", "release_year": 2016, "track_number": 7},
    {"id": 71, "title": "untitled 08 | 09.06.2014", "album": "untitled unmastered.", "release_year": 2016, "track_number": 8},
    {"id": 72, "title": "BLOOD.", "album": "DAMN.", "release_year": 2017, "track_number": 1},
    {"id": 73, "title": "DNA.", "album": "DAMN.", "release_year": 2017, "track_number": 2},
    {"id": 74, "title": "YAH.", "album": "DAMN.", "release_year": 2017, "track_number": 3},
    {"id": 75, "title": "ELEMENT.", "album": "DAMN.", "release_year": 2017, "track_number": 4},
    {"id": 76, "title": "FEEL.", "album": "DAMN.", "release_year": 2017, "track_number": 5},
    {"id": 77, "title": "LOYALTY. (feat. Rihanna)", "album": "DAMN.", "release_year": 2017, "track_number": 6},
    {"id": 78, "title": "PRIDE.", "album": "DAMN.", "release_year": 2017, "track_number": 7},
    {"id": 79, "title": "HUMBLE.", "album": "DAMN.", "release_year": 2017, "track_number": 8},
    {"id": 80, "title": "LUST.", "album": "DAMN.", "release_year": 2017, "track_number": 9},
    {"id": 81, "title": "LOVE. (feat. Zacari)", "album": "DAMN.", "release_year": 2017, "track_number": 10},
    {"id": 82, "title": "XXX. (feat. U2)", "album": "DAMN.", "release_year": 2017, "track_number": 11},
    {"id": 83, "title": "FEAR.", "album": "DAMN.", "release_year": 2017, "track_number": 12},
    {"id": 84, "title": "GOD.", "album": "DAMN.", "release_year": 2017, "track_number": 13},
    {"id": 85, "title": "DUCKWORTH.", "album": "DAMN.", "release_year": 2017, "track_number": 14},
    {"id": 86, "title": "United in Grief", "album": "Mr. Morale & the Big Steppers", "release_year": 2022, "track_number": 1},
    {"id": 87, "title": "N95", "album": "Mr. Morale & the Big Steppers", "release_year": 2022, "track_number": 2},
    {"id": 88, "title": "Worldwide Steppers", "album": "Mr. Morale & the Big Steppers", "release_year": 2022, "track_number": 3},
    {"id": 89, "title": "Die Hard", "album": "Mr. Morale & the Big Steppers", "release_year": 2022, "track_number": 4},
    {"id": 90, "title": "Father Time", "album": "Mr. Morale & the Big Steppers", "release_year": 2022, "track_number": 5},
    {"id": 91, "title": "Rich (Interlude)", "album": "Mr. Morale & the Big Steppers", "release_year": 2022, "track_number": 6},
    {"id": 92, "title": "Rich Spirit", "album": "Mr. Morale & the Big Steppers", "release_year": 2022, "track_number": 7},
    {"id": 93, "title": "We Cry Together", "album": "Mr. Morale & the Big Steppers", "release_year": 2022, "track_number": 8},
    {"id": 94, "title": "Purple Hearts", "album": "Mr. Morale & the Big Steppers", "release_year": 2022, "track_number": 9},
    {"id": 95, "title": "Count Me Out", "album": "Mr. Morale & the Big Steppers", "release_year": 2022, "track_number": 10},
    {"id": 96, "title": "Crown", "album": "Mr. Morale & the Big Steppers", "release_year": 2022, "track_number": 11},
    {"id": 97, "title": "Silent Hill", "album": "Mr. Morale & the Big Steppers", "release_year": 2022, "track_number": 12},
    {"id": 98, "title": "Savior (Interlude)", "album": "Mr. Morale & the Big Steppers", "release_year": 2022, "track_number": 13},
    {"id": 99, "title": "Savior", "album": "Mr. Morale & the Big Steppers", "release_year": 2022, "track_number": 14},
    {"id": 100, "title": "Auntie Diaries", "album": "Mr. Morale & the Big Steppers", "release_year": 2022, "track_number": 15},
    {"id": 101, "title": "Mr. Morale", "album": "Mr. Morale & the Big Steppers", "release_year": 2022, "track_number": 16},
    {"id": 102, "title": "Mother I Sober", "album": "Mr. Morale & the Big Steppers", "release_year": 2022, "track_number": 17},
    {"id": 103, "title": "Mirror", "album": "Mr. Morale & the Big Steppers", "release_year": 2022, "track_number": 18}
]